comparison,n_pairs,mean_group1,mean_group2,mean_diff,t_test_statistic,t_test_p,wilcoxon_statistic,wilcoxon_p,group1_better_count,group2_better_count,ties_count,cohens_d,r_effect_size,cles,cliffs_delta
ai_always_vs_human_only,2091,0.7373409851745576,0.6636776661884266,0.07366331898613099,58.53629183752448,0.0,30618.0,0.0,1903,115,73,1.2801126545968646,0.7881220818692607,0.9100908656145384,0.8550932568149211
human_only_supervision_vs_human_only,2091,0.7349928263988523,0.6636776661884266,0.07131516021042572,59.46422643204695,0.0,26200.5,0.0,1897,114,80,1.3004053786454515,0.7927862925825029,0.907221425155428,0.852702056432329
ai_always_vs_human_only_supervision,2091,0.7373409851745576,0.7349928263988523,0.002348158775705267,2.6795113950709135,0.0074308072418324865,802391.0,0.000579991448502074,1012,867,212,0.05859743310162904,0.058511034576227056,0.4839789574366332,0.06934481109516978
