comparison,n_pairs,mean_group1,mean_group2,mean_diff,t_test_statistic,t_test_p,wilcoxon_statistic,wilcoxon_p,group1_better_count,group2_better_count,ties_count,cohens_d,r_effect_size,cles,cliffs_delta
ai_always_vs_human_only,2091,0.7373409851745576,0.6633668101386896,0.073974175035868,58.43840001276196,0.0,33322.0,3.9918307245421e-310,1910,108,73,1.277971887566252,0.7876219615221858,0.9134385461501674,0.8617886178861789
human_only_supervision_vs_human_only,2091,0.7347728359636538,0.6633668101386896,0.07140602582496425,59.928417226385065,0.0,26499.0,0.0,1893,109,89,1.3105566282604582,0.7950684930275846,0.9053084648493543,0.8531802965088474
ai_always_vs_human_only_supervision,2091,0.7373409851745576,0.7347728359636538,0.0025681492109037585,3.0532126840203206,0.0022925953929904827,781316.5,8.326250815829943e-05,1054,814,223,0.06676979479394642,0.06663731936158447,0.5040650406504065,0.11477761836441894
