comparison,n_pairs,mean_group1,mean_group2,mean_diff,t_test_statistic,t_test_p,wilcoxon_statistic,wilcoxon_p,group1_better_count,group2_better_count,ties_count,cohens_d,r_effect_size,cles,cliffs_delta
ai_always_vs_human_only,2091,0.7373409851745576,0.6642802486848399,0.07306073648971767,58.12016681372605,0.0,36694.0,6.1397751773962e-310,1900,129,62,1.271012540938532,0.7859853191972207,0.9086561453849833,0.846963175514108
human_only_supervision_vs_human_only,2091,0.7346054519368723,0.6642802486848399,0.0703252032520324,59.25041984149072,0.0,29703.5,5.234633614918e-310,1891,113,87,1.2957297062785218,0.7917237608971222,0.9043519846963175,0.850310856049737
ai_always_vs_human_only_supervision,2091,0.7373409851745576,0.7346054519368723,0.0027355332376852726,3.223541341039794,0.0012856654516979348,793919.0,4.883376637792568e-05,1051,835,205,0.07049466123913085,0.07033688766498612,0.5026303204208513,0.10329985652797705
