comparison,n_pairs,mean_group1,mean_group2,mean_diff,t_test_statistic,t_test_p,wilcoxon_statistic,wilcoxon_p,group1_better_count,group2_better_count,ties_count,cohens_d,r_effect_size,cles,cliffs_delta
ai_always_vs_human_only,2091,0.7373409851745576,0.6635294117647059,0.07381157340985167,58.32141195447652,0.0,32799.5,0.0,1921,108,62,1.275413510717517,0.7870222316076038,0.9186991869918699,0.8670492587278814
human_only_supervision_vs_human_only,2091,0.7347154471544717,0.6635294117647059,0.07118603538976576,59.0725994421978,0.0,28646.0,0.0,1908,110,73,1.2918410051627736,0.7908345577428308,0.9124820659971306,0.8598756575801052
ai_always_vs_human_only_supervision,2091,0.7373409851745576,0.7347154471544717,0.0026255380200859157,3.1439029127860647,0.0016905174042197953,776436.5,0.00016080825770037528,1003,855,233,0.06875307227612018,0.06860747892236983,0.4796747967479675,0.07077953132472502
