comparison,n_pairs,mean_group1,mean_group2,mean_diff,t_test_statistic,t_test_p,wilcoxon_statistic,wilcoxon_p,group1_better_count,group2_better_count,ties_count,cohens_d,r_effect_size,cles,cliffs_delta
ai_always_vs_human_only,2091,0.7373409851745576,0.6636585365853659,0.0736824485891917,58.33565974979705,0.0,33601.0,0.0,1908,122,61,1.2757250914910407,0.7870953913716158,0.9124820659971306,0.8541367766618843
human_only_supervision_vs_human_only,2091,0.7343137254901961,0.6636585365853659,0.07065518890483025,59.571884101844276,0.0,29694.0,0.0,1902,118,71,1.3027597120195997,0.793318586364941,0.9096126255380201,0.8531802965088474
ai_always_vs_human_only_supervision,2091,0.7373409851745576,0.7343137254901961,0.0030272596843614608,3.5950707905329993,0.00033181869820931025,771519.0,1.1210091481120769e-05,1038,831,222,0.07861952762410362,0.07839630657890702,0.4964131994261119,0.09899569583931134
