video,comparison,n_pairs,mean_group1,mean_group2,mean_diff,t_test_statistic,t_test_p,wilcoxon_statistic,wilcoxon_p,group1_better_count,group2_better_count,ties_count,cohens_d,r_effect_size,cles,cliffs_delta
7,ai_always_vs_human_only,990,0.7615555555555555,0.6691414141414141,0.09241414141414139,49.79538907686093,9.918345663777842e-272,194.5,6.2569741460006935e-161,966,9,15,1.5826013533905168,0.8454992445060538,0.9757575757575757,0.9666666666666667
7,human_only_supervision_vs_human_only,990,0.7376767676767676,0.6691414141414141,0.06853535353535345,39.42657180932469,4.500728971643587e-205,6161.0,4.144864752152147e-148,899,47,44,1.2530587080798665,0.7817664424465511,0.908080808080808,0.8606060606060606
7,ai_always_vs_human_only_supervision,990,0.7615555555555555,0.7376767676767676,0.023878787878787944,25.19181035854039,1.401531977632864e-108,41228.0,4.867240186092315e-90,717,156,117,0.8006482910745951,0.6251960199212739,0.7242424242424242,0.5666666666666667
8,ai_always_vs_human_only,435,0.855816091954023,0.7977701149425287,0.058045977011494276,25.301559279182214,1.937241853130104e-87,1748.0,8.996268487680643e-65,386,31,18,1.213116914472486,0.7719887990031284,0.8873563218390804,0.8160919540229885
8,human_only_supervision_vs_human_only,435,0.8474022988505746,0.7977701149425287,0.04963218390804591,23.49959806715758,2.2386618977696878e-79,2273.0,1.0995315925689327e-62,383,31,21,1.1267194872858926,0.7482919710918171,0.8804597701149425,0.8091954022988506
8,ai_always_vs_human_only_supervision,435,0.855816091954023,0.8474022988505746,0.008413793103448364,6.670023581586049,7.808005371461484e-11,21208.5,1.1620206898831792e-09,231,134,70,0.3198031527412613,0.30492377858184105,0.5310344827586206,0.22298850574712645
9,ai_always_vs_human_only,666,0.623963963963964,0.5691741741741742,0.05478978978978988,28.73993718796166,1.0629803293500663e-118,9841.0,1.1344056154608536e-86,561,75,30,1.1136499452487416,0.7443022376738114,0.8423423423423423,0.7297297297297297
9,human_only_supervision_vs_human_only,666,0.6552402402402402,0.5691741741741742,0.08606606606606604,40.10490363625558,1.1442045348634285e-179,1518.0,4.11623231616634e-104,622,22,22,1.5540334499210409,0.8411224690956877,0.933933933933934,0.9009009009009009
9,ai_always_vs_human_only_supervision,666,0.623963963963964,0.6552402402402402,-0.03127627627627616,-23.979813393406378,4.767723147206355e-92,16134.5,2.936668379953744e-72,91,529,46,-0.9291988948336346,0.6809723042234482,0.13663663663663664,-0.6576576576576577
