video,comparison,n_pairs,mean_group1,mean_group2,mean_diff,t_test_statistic,t_test_p,wilcoxon_statistic,wilcoxon_p,group1_better_count,group2_better_count,ties_count,cohens_d,r_effect_size,cles,cliffs_delta
7,ai_always_vs_human_only,990,0.7615555555555555,0.6695757575757576,0.09197979797979794,50.204203513505874,3.013384125530484e-274,393.5,1.1125127491786177e-159,957,12,21,1.5955943290999992,0.8474611657996949,0.9666666666666667,0.9545454545454546
7,human_only_supervision_vs_human_only,990,0.7389090909090908,0.6695757575757576,0.06933333333333325,39.675749004452776,9.871216109645394e-207,5493.5,1.3055405554766022e-146,889,43,58,1.2609780792014593,0.7836765419748158,0.897979797979798,0.8545454545454545
7,ai_always_vs_human_only_supervision,990,0.7615555555555555,0.7389090909090908,0.022646464646464692,23.83542380055352,1.3889400978034404e-99,44879.0,2.605151916160556e-84,702,164,124,0.7575394964213924,0.6040331876791725,0.7090909090909091,0.5434343434343434
8,ai_always_vs_human_only,435,0.855816091954023,0.7971264367816092,0.05868965517241376,24.403328021915257,1.9696628283569964e-83,1616.5,6.123752985645984e-64,381,29,25,1.1700500220618277,0.7605559242312346,0.8758620689655172,0.8091954022988506
8,human_only_supervision_vs_human_only,435,0.8477931034482757,0.7971264367816092,0.05066666666666653,23.72099609844956,2.26186373700013e-80,1593.0,1.1146340726609542e-63,383,25,27,1.1373347103884544,0.7513699430851329,0.8804597701149425,0.8229885057471265
8,ai_always_vs_human_only_supervision,435,0.855816091954023,0.8477931034482757,0.00802298850574723,6.401967760309354,3.987420616885835e-10,21960.5,7.611415157027146e-09,226,140,69,0.3069508598360913,0.29374700541401166,0.5195402298850574,0.19770114942528735
9,ai_always_vs_human_only,666,0.623963963963964,0.5708108108108108,0.053153153153153276,28.52900240705076,1.5946803017740957e-117,11781.0,2.71632053679377e-84,570,72,24,1.1054763885121293,0.7418508472868696,0.8558558558558559,0.7477477477477478
9,human_only_supervision_vs_human_only,666,0.6546996996996998,0.5708108108108108,0.08388888888888901,41.639211243687704,1.9922896842021332e-187,1815.5,1.5230380856278166e-104,623,27,16,1.6134866620779291,0.8501651717275168,0.9354354354354354,0.8948948948948949
9,ai_always_vs_human_only_supervision,666,0.623963963963964,0.6546996996996998,-0.030735735735735736,-23.58535161818662,7.652536019672724e-90,15645.5,6.879325242976035e-72,99,515,52,-0.9139138115189707,0.6748957948960497,0.14864864864864866,-0.6246246246246246
