video,comparison,n_pairs,mean_group1,mean_group2,mean_diff,t_test_statistic,t_test_p,wilcoxon_statistic,wilcoxon_p,group1_better_count,group2_better_count,ties_count,cohens_d,r_effect_size,cles,cliffs_delta
7,ai_always_vs_human_only,990,0.7615555555555555,0.6686363636363637,0.09291919191919185,48.91815058549991,2.681080972917875e-266,789.5,8.27129528736596e-160,955,18,17,1.5547208839452176,0.8411707484184606,0.9646464646464646,0.9464646464646465
7,human_only_supervision_vs_human_only,990,0.7401919191919192,0.6686363636363637,0.07155555555555548,40.177788774871416,4.563654036122149e-210,6888.0,1.012847764486773e-149,904,57,29,1.2769339505150465,0.787458544469882,0.9131313131313131,0.8555555555555555
7,ai_always_vs_human_only_supervision,990,0.7615555555555555,0.7401919191919192,0.021363636363636362,23.495974801413197,2.3661962959082365e-97,46482.5,5.3041184330892206e-83,706,162,122,0.7467510990334874,0.5985267657318911,0.7131313131313132,0.5494949494949495
8,ai_always_vs_human_only,435,0.855816091954023,0.7953103448275861,0.06050574712643686,25.423692396254673,5.551011452912733e-88,1031.0,9.742792078568876e-66,390,20,25,1.2189727492257123,0.7734879389446033,0.896551724137931,0.8505747126436781
8,human_only_supervision_vs_human_only,435,0.848919540229885,0.7953103448275861,0.053609195402298915,24.387975996864416,2.3072697767874225e-83,1764.0,2.24763329764565e-64,392,23,20,1.1693139488002915,0.7603541160469228,0.9011494252873563,0.8482758620689655
8,ai_always_vs_human_only_supervision,435,0.855816091954023,0.848919540229885,0.006896551724137945,5.296288528961218,1.882359936046798e-07,24283.0,1.9016016520333782e-06,219,149,67,0.2539375983714914,0.24639213071581428,0.503448275862069,0.16091954022988506
9,ai_always_vs_human_only,666,0.623963963963964,0.5710660660660661,0.052897897897897894,26.67771761402505,3.606548098092075e-107,13154.5,1.2117050775427233e-80,553,83,30,1.033740559901603,0.7190000451485106,0.8303303303303303,0.7057057057057057
9,human_only_supervision_vs_human_only,666,0.6553153153153154,0.5710660660660661,0.08424924924924926,38.49236414592881,2.22511366802401e-171,3085.0,6.561206274853821e-103,622,33,11,1.491548813877158,0.8307928333458109,0.933933933933934,0.8843843843843844
9,ai_always_vs_human_only_supervision,666,0.623963963963964,0.6553153153153154,-0.031351351351351364,-24.079460955358698,1.3205191063615999e-92,16225.5,7.166788008444132e-72,96,523,47,-0.9330601594281466,0.6824854627541861,0.14414414414414414,-0.6411411411411412
