video,comparison,n_pairs,mean_group1,mean_group2,mean_diff,t_test_statistic,t_test_p,wilcoxon_statistic,wilcoxon_p,group1_better_count,group2_better_count,ties_count,cohens_d,r_effect_size,cles,cliffs_delta
7,ai_always_vs_human_only,990,0.7615555555555555,0.6671818181818182,0.09437373737373733,48.56341081740553,4.329454675039086e-264,597.0,1.4781874798432902e-160,956,20,14,1.5434465140186964,0.8393731246075402,0.9656565656565657,0.9454545454545454
7,human_only_supervision_vs_human_only,990,0.7390202020202019,0.6671818181818182,0.0718383838383837,40.08281676650328,1.947390728640176e-209,6867.5,6.327078852448472e-150,914,48,28,1.2739155419482286,0.786749828348885,0.9232323232323232,0.8747474747474747
7,ai_always_vs_human_only_supervision,990,0.7615555555555555,0.7390202020202019,0.02253535353535363,23.968313959655912,1.8483677618175982e-100,46298.0,7.412868742555652e-85,708,168,114,0.7617630229274935,0.606165632184433,0.7151515151515152,0.5454545454545454
8,ai_always_vs_human_only,435,0.855816091954023,0.7966666666666665,0.05914942528735645,24.70296495798548,9.011736202328327e-85,1839.0,8.500380387960147e-64,384,29,22,1.1844165135233473,0.7644509985122141,0.8827586206896552,0.8160919540229885
8,human_only_supervision_vs_human_only,435,0.8476321839080461,0.7966666666666665,0.05096551724137954,24.412949005358,1.7837650300787945e-83,2087.0,3.0073766762553636e-63,383,31,21,1.1705113129103273,0.7606822834505199,0.8804597701149425,0.8091954022988506
8,ai_always_vs_human_only_supervision,435,0.855816091954023,0.8476321839080461,0.008183908045976906,6.373601245964616,4.723909002807541e-10,22691.0,4.139927179942661e-08,228,139,68,0.30559078957415525,0.29255706727684,0.5241379310344828,0.2045977011494253
9,ai_always_vs_human_only,666,0.623963963963964,0.5707507507507508,0.05321321321321326,28.554317614381915,1.1520476375209137e-117,10206.5,2.1818887269446442e-86,565,73,28,1.1064573328709817,0.7421466315656493,0.8483483483483484,0.7387387387387387
9,human_only_supervision_vs_human_only,666,0.655990990990991,0.5707507507507508,0.08524024024024024,40.16443517775787,5.689950677137042e-180,1556.0,2.1790708937380165e-105,625,27,14,1.5563402502978478,0.8414871140661713,0.9384384384384384,0.8978978978978979
9,ai_always_vs_human_only_supervision,666,0.623963963963964,0.655990990990991,-0.03202702702702698,-24.579111477075255,2.1035136999843277e-95,14458.0,8.058885947125097e-75,89,529,48,-0.9524212238770355,0.6899421197122648,0.13363363363363365,-0.6606606606606606
